INSERT INTO mental_hospital.user_roles (id, name) VALUES (1, 'USER');
INSERT INTO mental_hospital.user_roles (id, name) VALUES (2, 'ADMIN');
INSERT INTO mental_hospital.user_roles (id, name) VALUES (3, 'DOCTOR');
INSERT INTO mental_hospital.users (id, user_role_id, email, password, first_name, last_name, number, is_banned) VALUES (1, 1, 'sucker@mail.ru', 'suckerasd', 'sucker', 'sss', 'sss', 0);
INSERT INTO mental_hospital.users (id, user_role_id, email, password, first_name, last_name, number, is_banned) VALUES (2, 3, 'lilice@mail.ru', '86f344855ebaec97a9e2d54843e2bf06457ea9c1ac2ad0921c14ff2c2e5f788f7ba4729bbfc5a9bd32c21e34a7ce28aa91e5148cfdfb04c436c5d06be644994a', 'Zaharov', 'Eduard', 'asd', 0);
INSERT INTO mental_hospital.users (id, user_role_id, email, password, first_name, last_name, number, is_banned) VALUES (4, 3, 'bookmaker@gmail.com', '86f344855ebaec97a9e2d54843e2bf06457ea9c1ac2ad0921c14ff2c2e5f788f7ba4729bbfc5a9bd32c21e34a7ce28aa91e5148cfdfb04c436c5d06be644994a', 'Danila', 'Viatkin', '+123123123123123', 0);
INSERT INTO mental_hospital.users (id, user_role_id, email, password, first_name, last_name, number, is_banned) VALUES (6, 3, 'bookmaker@sucker.com', '86f344855ebaec97a9e2d54843e2bf06457ea9c1ac2ad0921c14ff2c2e5f788f7ba4729bbfc5a9bd32c21e34a7ce28aa91e5148cfdfb04c436c5d06be644994a', 'Danila', 'Viatkin', '+123123123123123', 0);
INSERT INTO mental_hospital.users (id, user_role_id, email, password, first_name, last_name, number, is_banned) VALUES (7, 1, 'user@gmail.com', '86f344855ebaec97a9e2d54843e2bf06457ea9c1ac2ad0921c14ff2c2e5f788f7ba4729bbfc5a9bd32c21e34a7ce28aa91e5148cfdfb04c436c5d06be644994a', 'USER', 'USER', '+123123123123123', 0);
INSERT INTO mental_hospital.users (id, user_role_id, email, password, first_name, last_name, number, is_banned) VALUES (8, 1, 'privit@mail.ru', '5110a9c4d3ebae27e1c745f5420e994c8ff4d21a8cf7582c9782cdfaef90106ec3553602f2bc880e81b7f34f9ea7b6b7bd433649fc5c29fd400b10ef0c22c7ae', 'Alex', 'Varashilov', '+14881441881111', 0);
INSERT INTO mental_hospital.users (id, user_role_id, email, password, first_name, last_name, number, is_banned) VALUES (9, 2, 'admin@admin.ru', '5110a9c4d3ebae27e1c745f5420e994c8ff4d21a8cf7582c9782cdfaef90106ec3553602f2bc880e81b7f34f9ea7b6b7bd433649fc5c29fd400b10ef0c22c7ae', 'admin', 'admin', '+111111111111111', 0);
INSERT INTO mental_hospital.users (id, user_role_id, email, password, first_name, last_name, number, is_banned) VALUES (12, 1, 'user@mail.ru', '86f344855ebaec97a9e2d54843e2bf06457ea9c1ac2ad0921c14ff2c2e5f788f7ba4729bbfc5a9bd32c21e34a7ce28aa91e5148cfdfb04c436c5d06be644994a', 'User', 'User', '+37529123123123', 0);
INSERT INTO mental_hospital.users (id, user_role_id, email, password, first_name, last_name, number, is_banned) VALUES (13, 3, 'doctor@mail.ru', '5110a9c4d3ebae27e1c745f5420e994c8ff4d21a8cf7582c9782cdfaef90106ec3553602f2bc880e81b7f34f9ea7b6b7bd433649fc5c29fd400b10ef0c22c7ae', 'Doctor', 'Doctor', '+1222222222222', 0);
INSERT INTO mental_hospital.users (id, user_role_id, email, password, first_name, last_name, number, is_banned) VALUES (14, 1, 'useruser@gmail.com', '86f344855ebaec97a9e2d54843e2bf06457ea9c1ac2ad0921c14ff2c2e5f788f7ba4729bbfc5a9bd32c21e34a7ce28aa91e5148cfdfb04c436c5d06be644994a', 'Dada', 'Dada', '+123123123123', 0);
INSERT INTO mental_hospital.users (id, user_role_id, email, password, first_name, last_name, number, is_banned) VALUES (15, 1, 'user123@mail.ru', '86f344855ebaec97a9e2d54843e2bf06457ea9c1ac2ad0921c14ff2c2e5f788f7ba4729bbfc5a9bd32c21e34a7ce28aa91e5148cfdfb04c436c5d06be644994a', 'nett', 'nett', '+123123123123123', 0);
INSERT INTO mental_hospital.users (id, user_role_id, email, password, first_name, last_name, number, is_banned) VALUES (16, 2, 'admin@admin.sru', '86f344855ebaec97a9e2d54843e2bf06457ea9c1ac2ad0921c14ff2c2e5f788f7ba4729bbfc5a9bd32c21e34a7ce28aa91e5148cfdfb04c436c5d06be644994a', 'admin', 'admin', '+123123123123', 0);
INSERT INTO mental_hospital.users (id, user_role_id, email, password, first_name, last_name, number, is_banned) VALUES (17, 1, 'kaka@mail.ru', '86f344855ebaec97a9e2d54843e2bf06457ea9c1ac2ad0921c14ff2c2e5f788f7ba4729bbfc5a9bd32c21e34a7ce28aa91e5148cfdfb04c436c5d06be644994a', 'Danila', 'Viatkin', '+375293664065', 0);
INSERT INTO mental_hospital.users (id, user_role_id, email, password, first_name, last_name, number, is_banned) VALUES (18, 1, 'danilapots@mail.ru', '86f344855ebaec97a9e2d54843e2bf06457ea9c1ac2ad0921c14ff2c2e5f788f7ba4729bbfc5a9bd32c21e34a7ce28aa91e5148cfdfb04c436c5d06be644994a', 'Lena', 'Golovach', '+375293664065', 0);
INSERT INTO mental_hospital.drugs (id, name) VALUES (1, 'Antipsychotics');
INSERT INTO mental_hospital.drugs (id, name) VALUES (2, 'Tranquillisers');
INSERT INTO mental_hospital.drugs (id, name) VALUES (3, 'Antidepressants');
INSERT INTO mental_hospital.drugs (id, name) VALUES (4, 'Нейролептики');
INSERT INTO mental_hospital.drugs (id, name) VALUES (5, 'Транквилизаторы');
INSERT INTO mental_hospital.drugs (id, name) VALUES (6, 'Антидипрессанты');
INSERT INTO mental_hospital.diseases (id, name, description) VALUES (1, 'Биполярное расстройство', 'Биполярное расстройство, известное так же, как маниакально-депрессивный психоз, является психическим заболеванием, которое характеризуется нетипичной сменой настроений, перепадами энергетического уровня и способности функционировать. IN MY EYES');
INSERT INTO mental_hospital.diseases (id, name, description) VALUES (2, 'Депрессия ', 'Под депрессией понимают расстройство психического здоровья тогда, когда наблюдаются продолжительное подавленное настроение и другие симптомы, затрагивающие мысли, чувства, поведение и весь организм. Когда в повседневной жизни люди говорят о депрессии, под этим словом может пониматься множество проблем.');
INSERT INTO mental_hospital.diseases (id, name, description) VALUES (3, 'Бессонница', 'Бессонница — это расстройство сна, которое характеризуется его недостаточной продолжительностью, неудовлетворенностью его качеством, невозможностью заснуть или сочетанием этих факторов на протяжении долгого времени.');
INSERT INTO mental_hospital.diseases (id, name, description) VALUES (4, 'Depression ', 'Грусть');
INSERT INTO mental_hospital.doctor_info (doctor_id, specialization, work_experience, classification, price) VALUES (2, 'Мастер по вкручиваниям', 20, 4, 228);
INSERT INTO mental_hospital.doctor_info (doctor_id, specialization, work_experience, classification, price) VALUES (4, 'Андерграундбой', 54, 1, 328);
INSERT INTO mental_hospital.doctor_info (doctor_id, specialization, work_experience, classification, price) VALUES (6, 'ПРОсто СНАЙПЕР', 1, 4, 328);
INSERT INTO mental_hospital.doctor_info (doctor_id, specialization, work_experience, classification, price) VALUES (13, 'Ачумелые ручки', 5, 1, 148);
INSERT INTO mental_hospital.patient_cards (id, user_id, spare_number, age, sex) VALUES (1, 1, 'asd', 13, 'yes');
INSERT INTO mental_hospital.patient_cards (id, user_id, spare_number, age, sex) VALUES (3, 4, '+123123123123123', 18, 'yes');
INSERT INTO mental_hospital.patient_cards (id, user_id, spare_number, age, sex) VALUES (5, 6, '+123123123123123', 28, 'yes');
INSERT INTO mental_hospital.patient_cards (id, user_id, spare_number, age, sex) VALUES (6, 7, '+123123123123123', 54, 'USER');
INSERT INTO mental_hospital.patient_cards (id, user_id, spare_number, age, sex) VALUES (7, 8, '+123123123123123', 20, 'Male');
INSERT INTO mental_hospital.patient_cards (id, user_id, spare_number, age, sex) VALUES (8, 12, '+37529123123321', 18, 'Male');
INSERT INTO mental_hospital.patient_cards (id, user_id, spare_number, age, sex) VALUES (9, 14, '+123123123123', 18, 'Male');
INSERT INTO mental_hospital.patient_cards (id, user_id, spare_number, age, sex) VALUES (10, 15, '+123123123123123', 18, 'Male');
INSERT INTO mental_hospital.patient_cards (id, user_id, spare_number, age, sex) VALUES (11, 17, '+375293664065', 99, 'Male');
INSERT INTO mental_hospital.patient_cards (id, user_id, spare_number, age, sex) VALUES (12, 18, '+375293664065', 77, 'Female');
INSERT INTO mental_hospital.treatment_courses (id, instructions) VALUES (1, '');
INSERT INTO mental_hospital.treatment_courses (id, instructions) VALUES (30, 'how di ho');
INSERT INTO mental_hospital.treatment_courses (id, instructions) VALUES (31, 'Пейте больше воды');
INSERT INTO mental_hospital.drug_recipes (treatment_course_id, drug_id, description, dose) VALUES (30, 3, 'posle edi', 123);
INSERT INTO mental_hospital.drug_recipes (treatment_course_id, drug_id, description, dose) VALUES (31, 3, 'За 2 часа до сна.', 12);
INSERT INTO mental_hospital.disease_symptoms (treatment_course_id, diseases_id, symptoms) VALUES (30, 4, 'Понижение работоспособности.');
INSERT INTO mental_hospital.disease_symptoms (treatment_course_id, diseases_id, symptoms) VALUES (31, 4, 'Понижение работоспособности.');
INSERT INTO mental_hospital.consultations (id, doctor_id, patient_id, treatment_course_id, communication_type, date, duration, price, status) VALUES (16, 6, 6, 30, 'ONLINE', '2022-01-31 00:00:00', 31, 0, 'COMPLETED');
INSERT INTO mental_hospital.consultations (id, doctor_id, patient_id, treatment_course_id, communication_type, date, duration, price, status) VALUES (17, 13, 6, null, 'ONLINE', '2022-01-31 00:00:00', 0, 0, 'REJECTED');
INSERT INTO mental_hospital.consultations (id, doctor_id, patient_id, treatment_course_id, communication_type, date, duration, price, status) VALUES (18, 13, 6, null, 'ONLINE', '2022-01-31 00:00:00', 0, 0, 'REJECTED');
INSERT INTO mental_hospital.consultations (id, doctor_id, patient_id, treatment_course_id, communication_type, date, duration, price, status) VALUES (19, 2, 9, null, 'ONLINE', '2022-01-31 00:00:00', 0, 0, 'REJECTED');
INSERT INTO mental_hospital.consultations (id, doctor_id, patient_id, treatment_course_id, communication_type, date, duration, price, status) VALUES (20, 2, 9, null, 'ONLINE', '2022-01-31 00:00:00', 0, 0, 'APPROVED');
INSERT INTO mental_hospital.consultations (id, doctor_id, patient_id, treatment_course_id, communication_type, date, duration, price, status) VALUES (21, 2, 10, null, 'ONLINE', '2022-01-31 00:00:00', 0, 0, 'REJECTED');
INSERT INTO mental_hospital.consultations (id, doctor_id, patient_id, treatment_course_id, communication_type, date, duration, price, status) VALUES (22, 2, 10, 31, 'ONLINE', '2022-01-31 00:00:00', 45, 0, 'COMPLETED');
INSERT INTO mental_hospital.consultations (id, doctor_id, patient_id, treatment_course_id, communication_type, date, duration, price, status) VALUES (23, 13, 6, null, 'ONLINE', '2022-02-01 00:00:00', 0, 0, 'APPROVED');
INSERT INTO mental_hospital.consultations (id, doctor_id, patient_id, treatment_course_id, communication_type, date, duration, price, status) VALUES (24, 13, 6, null, 'FACE_TO_FACE', '2022-02-01 00:00:00', 0, 0, 'PENDING');
INSERT INTO mental_hospital.consultations (id, doctor_id, patient_id, treatment_course_id, communication_type, date, duration, price, status) VALUES (25, 4, 6, null, 'FACE_TO_FACE', '2022-02-01 00:00:00', 0, 0, 'PENDING');
INSERT INTO mental_hospital.consultations (id, doctor_id, patient_id, treatment_course_id, communication_type, date, duration, price, status) VALUES (26, 2, 6, null, 'ONLINE', '2022-12-12 00:00:00', 0, 0, 'PENDING');
INSERT INTO mental_hospital.consultations (id, doctor_id, patient_id, treatment_course_id, communication_type, date, duration, price, status) VALUES (27, 2, 6, null, 'ONLINE', '2022-03-12 00:00:00', 0, 0, 'PENDING');
INSERT INTO mental_hospital.consultations (id, doctor_id, patient_id, treatment_course_id, communication_type, date, duration, price, status) VALUES (28, 2, 6, null, 'ONLINE', '2022-03-12 12:12:00', 0, 0, 'PENDING');
INSERT INTO mental_hospital.consultations (id, doctor_id, patient_id, treatment_course_id, communication_type, date, duration, price, status) VALUES (29, 4, 6, null, 'ONLINE', '2022-02-28 12:32:00', 0, 0, 'PENDING');
INSERT INTO mental_hospital.consultations (id, doctor_id, patient_id, treatment_course_id, communication_type, date, duration, price, status) VALUES (30, 4, 6, null, 'FACE_TO_FACE', '2022-09-19 09:09:00', 0, 0, 'PENDING');
INSERT INTO mental_hospital.consultations (id, doctor_id, patient_id, treatment_course_id, communication_type, date, duration, price, status) VALUES (31, 4, 6, null, 'ONLINE', '2022-03-12 23:02:00', 0, 0, 'PENDING');
INSERT INTO mental_hospital.consultations (id, doctor_id, patient_id, treatment_course_id, communication_type, date, duration, price, status) VALUES (32, 4, 6, null, 'ONLINE', '2022-09-19 19:09:00', 0, 0, 'PENDING');
INSERT INTO mental_hospital.consultations (id, doctor_id, patient_id, treatment_course_id, communication_type, date, duration, price, status) VALUES (33, 2, 6, null, 'ONLINE', '2022-11-11 11:11:00', 0, 0, 'PENDING');
INSERT INTO mental_hospital.consultations (id, doctor_id, patient_id, treatment_course_id, communication_type, date, duration, price, status) VALUES (34, 4, 6, null, 'ONLINE', '2022-03-31 03:33:00', 0, 0, 'PENDING');
INSERT INTO mental_hospital.consultations (id, doctor_id, patient_id, treatment_course_id, communication_type, date, duration, price, status) VALUES (35, 13, 6, null, 'ONLINE', '2022-03-31 22:22:00', 0, 0, 'PENDING');
INSERT INTO mental_hospital.hospitals (id, address, phone_number) VALUES (1, 'Yana Chechota 4', '88005553535');
INSERT INTO mental_hospital.chamber_types (id, title, num_of_beds, price, num_of_available_chambers, img_ref) VALUES (1, 'Economy', 4, 80, 9, 'http://angiohospital.ru/assets/templates/cardio/pictures/pacientam7.jpg');
INSERT INTO mental_hospital.chamber_types (id, title, num_of_beds, price, num_of_available_chambers, img_ref) VALUES (2, 'Regular', 2, 120, 0, 'https://mediterra.kz/images/otdeleniya/vip-palata.jpg');
INSERT INTO mental_hospital.chamber_types (id, title, num_of_beds, price, num_of_available_chambers, img_ref) VALUES (3, 'VIP', 1, 200, 5, 'https://ru.unimed.org/sites/ru.unimed.org/files/SD4A8273.jpg');
INSERT INTO mental_hospital.chambers (id, chamber_type_id, hospital_id, num_free_beds) VALUES (1, 1, 1, 2);
INSERT INTO mental_hospital.chambers (id, chamber_type_id, hospital_id, num_free_beds) VALUES (2, 2, 1, 2);
INSERT INTO mental_hospital.chambers (id, chamber_type_id, hospital_id, num_free_beds) VALUES (3, 1, 1, 4);
INSERT INTO mental_hospital.chambers (id, chamber_type_id, hospital_id, num_free_beds) VALUES (4, 2, 1, 1);
INSERT INTO mental_hospital.hospitalizations (id, patient_id, status, doctor_id) VALUES (1, 6, 'COMPLETED', 2);
INSERT INTO mental_hospital.hospitalizations (id, patient_id, status, doctor_id) VALUES (10, 6, 'PENDING', 2);
INSERT INTO mental_hospital.hospitalizations (id, patient_id, status, doctor_id) VALUES (11, 6, 'PENDING', 4);
INSERT INTO mental_hospital.hospitalizations (id, patient_id, status, doctor_id) VALUES (12, 6, 'PENDING', 4);
INSERT INTO mental_hospital.hospitalizations (id, patient_id, status, doctor_id) VALUES (13, 6, 'PENDING', 2);
INSERT INTO mental_hospital.chamber_staying (hospitalization_id, chamber_id, hospitalization_date, discharge_date, price) VALUES (1, 1, '2022-02-04', '2022-12-12', 123);
INSERT INTO mental_hospital.chamber_staying (hospitalization_id, chamber_id, hospitalization_date, discharge_date, price) VALUES (1, 1, '2022-02-06', '2022-02-06', 0);
INSERT INTO mental_hospital.chamber_staying (hospitalization_id, chamber_id, hospitalization_date, discharge_date, price) VALUES (1, 2, '2022-02-06', '2022-02-06', 0);
INSERT INTO mental_hospital.chamber_staying (hospitalization_id, chamber_id, hospitalization_date, discharge_date, price) VALUES (1, 1, '2022-02-06', '2022-02-06', 0);
INSERT INTO mental_hospital.chamber_staying (hospitalization_id, chamber_id, hospitalization_date, discharge_date, price) VALUES (13, 2, '2022-02-06', '2022-02-06', 0);